ug/L,abs(450nm)
5,0.621004946
100,1.782630638
200,2.058068444
300,2.246467871
400,2.343293218
500,2.435311624
600,2.519882254
700,2.543227503
800,2.615466549
900,2.659951669
1000,2.719109874